Englisch	Deutsch
Hello!	Hallo.
My name is ...	Ich heiße ...
to be	sein
What's your name?	Wie heißt du? / Wie heißen Sie?
Hi.	Hi. / Hallo.
I'm ...	Ich bin ...
Where are you from?	Woher kommst du? / Woher kommt ihr? / Woher kommen Sie?
I'm from ...	Ich bin aus ...
but	aber
I live in ...	Ich wohne in ...
to live	wohnen / leben
How old are you?	Wie alt bist du? / Wie alt sind Sie?
Me too.	Ich auch.
See you!	Bis dann! / Bis ...
to see	sehen
Bye!	Tschüss!
new	neu
friend	Freund/-in
welcome (to)	willkommen (in)
What can you hear?	Was kannst du hören? / Was könnt ihr hören?
to hear	hören
the	der / die / das
I can ...	Ich kann ...
a	ein/-e
boat	Boot
flower	Blume
girl	Mädchen
on	auf / an / am / in / im
skates	Inlineskates / Rollschuhe / Schlittschuhe
boy	Junge
mother	Mutter
father	Vater
dog	Hund
cat	Katze
bird	Vogel
butterfly	Schmetterling
bee	Biene
tree	Baum
grass	Gras
bike	Fahrrad
to have a picnic	ein Picknick machen
to read	lesen
book	Buch
to play	spielen
to ride	fahren / reiten
to talk to	reden mit
